"total_revenue","store_type"
22069744.41000063,"Local"
6138685.980001287,"Super Store"
3145044.4799997024,"Mall Kiosk"
2304872.0099997516,"Outlet"
